optimizer,eps,beta1,beta2,n_epochs,batch_size,learning_rate,final_test_acc,final_train_acc,max_val_acc,run_name,weight_decay,momentum,xi,beta,adam_b1,adam_b2,beta_rms
adam,1e-08,0.8266171008097166,0.9981942720203932,400,1024,0.0026171750541950254,0.8636067509651184,1.0,0.8655598759651184,jolly-sweep-22,,,,,,,
adamw,1e-08,0.8416444719590633,0.990621395905772,400,1024,0.004309596771306358,0.869249165058136,1.0,0.8696831464767456,colorful-sweep-35,0.0005986038437371253,,,,,,
sgd,,,,400,1024,0.0013910985003621197,0.6736111044883728,1.0,0.677734375,giddy-sweep-134,,0.9814000444826751,,,,,
sgd_metric,,,,400,1024,0.004760418902922253,0.5771484375,1.0,0.5949435830116272,dutiful-sweep-170,0.0016824934430452678,0.8196313397787223,7.450610625852784e-06,0.7743627288351196,,,
sgd_log_metric,,,,400,1024,0.007074014990630387,0.6351996660232544,0.8803304433822632,0.7523871660232544,rosy-sweep-41,0.00013139347502899454,0.9188232308153012,8.106852579975551e-09,0.8114068881944737,,,
muon,1e-08,,,400,1024,0.0034573632558272944,0.8539496660232544,0.9985148310661316,0.858506977558136,toasty-sweep-187,1.5103268396881925e-05,,,0.9208996280116616,0.8844115978851927,0.9394170290562888,
sgd_rms,1e-08,,,400,1024,0.004037906056438165,0.8678385615348816,1.0,0.870225727558136,sage-sweep-223,0.0012035358272958604,0.8606013746071822,7.69526446871101e-09,0.6056224947226627,,,0.9894204413815062
